{
  "serializableRectTransform": {
    "position": {
      "x": 0.0,
      "y": 0.0,
      "z": 0.0
    },
    "localPosition": {
      "x": 0.0,
      "y": 0.0,
      "z": 0.0
    },
    "anchorMin": {
      "x": 0.0,
      "y": 1.0
    },
    "anchorMax": {
      "x": 0.0,
      "y": 1.0
    },
    "sizeDelta": {
      "x": 250.0,
      "y": 310.1000061035156
    },
    "scale": {
      "x": 1.0,
      "y": 1.0,
      "z": 1.0
    }
  },
  "id": "ConditionalSetVector3",
  "sID": "{sID}",
  "enableSelfConnection": false,
  "enableDrag": true,
  "enableHover": false,
  "enableSelect": true,
  "disableClick": false,
  "modifier": "0",
  "defaultColor": {
    "r": 0.21960784494876862,
    "g": 0.21960784494876862,
    "b": 0.21960784494876862,
    "a": 1.0
  },
  "outlineSelectedColor": {
    "r": 1.0,
    "g": 0.5799999833106995,
    "b": 0.03999999910593033,
    "a": 1.0
  },
  "outlineHoverColor": {
    "r": 1.0,
    "g": 0.8100000023841858,
    "b": 0.30000001192092898,
    "a": 1.0
  },
  "serializablePorts": [
    {
      "serializableRectTransform": {
        "position": {
          "x": 1081.6517333984375,
          "y": 1091.03759765625,
          "z": 0.0
        },
        "localPosition": {
          "x": -105.0,
          "y": 6.099999904632568,
          "z": 0.0
        },
        "anchorMin": {
          "x": 0.0,
          "y": 1.0
        },
        "anchorMax": {
          "x": 0.0,
          "y": 1.0
        },
        "sizeDelta": {
          "x": 40.0,
          "y": 40.0
        },
        "scale": {
          "x": 1.0,
          "y": 1.0,
          "z": 1.0
        }
      },
      "id": "Bool1",
      "sID": "{cond}",
      "polarity": 0,
      "maxConnections": 1,
      "iconColorDefault": {
        "r": 0.5921568870544434,
        "g": 0.0,
        "b": 0.8666666746139526,
        "a": 1.0
      },
      "iconColorHover": {
        "r": 0.7098039388656616,
        "g": 0.2862745225429535,
        "b": 0.9058823585510254,
        "a": 1.0
      },
      "iconColorSelected": {
        "r": 0.5921568870544434,
        "g": 0.0,
        "b": 0.8666666746139526,
        "a": 1.0
      },
      "iconColorConnected": {
        "r": 0.9800000190734863,
        "g": 0.9399999976158142,
        "b": 0.8399999737739563,
        "a": 1.0
      },
      "enableDrag": true,
      "enableHover": true,
      "disableClick": false,
      "controlPointSerializableRectTransform": {
        "position": {
          "x": 1027.8330078125,
          "y": 1091.0374755859375,
          "z": 0.0
        },
        "localPosition": {
          "x": -55.79999923706055,
          "y": -0.000008742277714191005,
          "z": 0.0
        },
        "anchorMin": {
          "x": 0.5,
          "y": 0.5
        },
        "anchorMax": {
          "x": 0.5,
          "y": 0.5
        },
        "sizeDelta": {
          "x": 0.0,
          "y": 0.0
        },
        "scale": {
          "x": 2.2121801376342775,
          "y": 2.2121801376342775,
          "z": 2.2121801376342775
        }
      },
      "nodeInstanceID": -5758,
      "nodeSID": "{sID}"
    },
    {
      "serializableRectTransform": {
        "position": {
          "x": 1081.6517333984375,
          "y": 980.9887084960938,
          "z": 0.0
        },
        "localPosition": {
          "x": -105.0,
          "y": -108.0,
          "z": 0.0
        },
        "anchorMin": {
          "x": 0.0,
          "y": 1.0
        },
        "anchorMax": {
          "x": 0.0,
          "y": 1.0
        },
        "sizeDelta": {
          "x": 40.0,
          "y": 40.0
        },
        "scale": {
          "x": 1.0,
          "y": 1.0,
          "z": 1.0
        }
      },
      "id": "Vector31",
      "sID": "{in1}",
      "polarity": 0,
      "maxConnections": 1,
      "iconColorDefault": {
        "r": 0.8666667342185974,
        "g": 0.43137258291244509,
        "b": 0.0,
        "a": 1.0
      },
      "iconColorHover": {
        "r": 0.9058824181556702,
        "g": 0.5529412031173706,
        "b": 0.20000001788139344,
        "a": 1.0
      },
      "iconColorSelected": {
        "r": 0.8666667342185974,
        "g": 0.43137258291244509,
        "b": 0.0,
        "a": 1.0
      },
      "iconColorConnected": {
        "r": 1.0,
        "g": 1.0,
        "b": 1.0,
        "a": 1.0
      },
      "enableDrag": true,
      "enableHover": true,
      "disableClick": false,
      "controlPointSerializableRectTransform": {
        "position": {
          "x": 1027.8330078125,
          "y": 980.9887084960938,
          "z": 0.0
        },
        "localPosition": {
          "x": -55.79999923706055,
          "y": -0.000008742277714191005,
          "z": 0.0
        },
        "anchorMin": {
          "x": 0.5,
          "y": 0.5
        },
        "anchorMax": {
          "x": 0.5,
          "y": 0.5
        },
        "sizeDelta": {
          "x": 0.0,
          "y": 0.0
        },
        "scale": {
          "x": 2.2121801376342775,
          "y": 2.2121801376342775,
          "z": 2.2121801376342775
        }
      },
      "nodeInstanceID": -5758,
      "nodeSID": "{sID}"
    },
    {
      "serializableRectTransform": {
        "position": {
          "x": 1081.6517333984375,
          "y": 926.3018798828125,
          "z": 0.0
        },
        "localPosition": {
          "x": -105.0,
          "y": -164.6999969482422,
          "z": 0.0
        },
        "anchorMin": {
          "x": 0.0,
          "y": 1.0
        },
        "anchorMax": {
          "x": 0.0,
          "y": 1.0
        },
        "sizeDelta": {
          "x": 40.0,
          "y": 40.0
        },
        "scale": {
          "x": 1.0,
          "y": 1.0,
          "z": 1.0
        }
      },
      "id": "Vector32",
      "sID": "{in2}",
      "polarity": 0,
      "maxConnections": 1,
      "iconColorDefault": {
        "r": 0.8666667342185974,
        "g": 0.43137258291244509,
        "b": 0.0,
        "a": 1.0
      },
      "iconColorHover": {
        "r": 0.9058824181556702,
        "g": 0.5529412031173706,
        "b": 0.20000001788139344,
        "a": 1.0
      },
      "iconColorSelected": {
        "r": 0.8666667342185974,
        "g": 0.43137258291244509,
        "b": 0.0,
        "a": 1.0
      },
      "iconColorConnected": {
        "r": 1.0,
        "g": 1.0,
        "b": 1.0,
        "a": 1.0
      },
      "enableDrag": true,
      "enableHover": true,
      "disableClick": false,
      "controlPointSerializableRectTransform": {
        "position": {
          "x": 1027.8330078125,
          "y": 926.3018798828125,
          "z": 0.0
        },
        "localPosition": {
          "x": -55.79999923706055,
          "y": -0.000008742277714191005,
          "z": 0.0
        },
        "anchorMin": {
          "x": 0.5,
          "y": 0.5
        },
        "anchorMax": {
          "x": 0.5,
          "y": 0.5
        },
        "sizeDelta": {
          "x": 0.0,
          "y": 0.0
        },
        "scale": {
          "x": 2.2121801376342775,
          "y": 2.2121801376342775,
          "z": 2.2121801376342775
        }
      },
      "nodeInstanceID": -5758,
      "nodeSID": "{sID}"
    },
    {
      "serializableRectTransform": {
        "position": {
          "x": 1361.3551025390625,
          "y": 1091.03759765625,
          "z": 0.0
        },
        "localPosition": {
          "x": 185.0,
          "y": 6.099999904632568,
          "z": 0.0
        },
        "anchorMin": {
          "x": 0.0,
          "y": 1.0
        },
        "anchorMax": {
          "x": 0.0,
          "y": 1.0
        },
        "sizeDelta": {
          "x": 40.0,
          "y": 40.0
        },
        "scale": {
          "x": 1.0,
          "y": 1.0,
          "z": 1.0
        }
      },
      "id": "Vector31",
      "sID": "{out}",
      "polarity": 1,
      "maxConnections": 0,
      "iconColorDefault": {
        "r": 0.8666666746139526,
        "g": 0.4317798912525177,
        "b": 0.0,
        "a": 1.0
      },