{
  "serializableRectTransform": {
    "position": {
      "x": 0.0,
      "y": 0.0,
      "z": 0.0
    },
    "localPosition": {
      "x": 0.0,
      "y": 0.0,
      "z": 0.0
    },
    "anchorMin": {
      "x": 0.0,
      "y": 1.0
    },
    "anchorMax": {
      "x": 0.0,
      "y": 1.0
    },
    "sizeDelta": {
      "x": 250.0,
      "y": 118.70999908447266
    },
    "scale": {
      "x": 1.0,
      "y": 1.0,
      "z": 1.0
    }
  },
  "id": "Debug",
  "sID": "{sID}",
  "enableSelfConnection": false,
  "enableDrag": true,
  "enableHover": false,
  "enableSelect": true,
  "disableClick": false,
  "modifier": "",
  "defaultColor": {
    "r": 0.21960784494876862,
    "g": 0.21960784494876862,
    "b": 0.21960784494876862,
    "a": 1.0
  },
  "outlineSelectedColor": {
    "r": 1.0,
    "g": 0.5799999833106995,
    "b": 0.03999999910593033,
    "a": 1.0
  },
  "outlineHoverColor": {
    "r": 1.0,
    "g": 0.8100000023841858,
    "b": 0.30000001192092898,
    "a": 1.0
  },
  "serializablePorts": [
    {
      "serializableRectTransform": {
        "position": {
          "x": 1169.144287109375,
          "y": 921.1148071289063,
          "z": 0.0
        },
        "localPosition": {
          "x": -266.1000061035156,
          "y": -84.19999694824219,
          "z": 0.0
        },
        "anchorMin": {
          "x": 0.0,
          "y": 1.0
        },
        "anchorMax": {
          "x": 0.0,
          "y": 1.0
        },
        "sizeDelta": {
          "x": 40.0,
          "y": 40.0
        },
        "scale": {
          "x": 1.0,
          "y": 1.0,
          "z": 1.0
        }
      },
      "id": "Any1",
      "sID": "{in}",
      "polarity": 0,
      "maxConnections": 1,
      "iconColorDefault": {
        "r": 0.8196078538894653,
        "g": 0.8196078538894653,
        "b": 0.8196078538894653,
        "a": 1.0
      },
      "iconColorHover": {
        "r": 1.0,
        "g": 1.0,
        "b": 1.0,
        "a": 1.0
      },
      "iconColorSelected": {
        "r": 0.8196078538894653,
        "g": 0.8196078538894653,
        "b": 0.8196078538894653,
        "a": 1.0
      },
      "iconColorConnected": {
        "r": 1.0,
        "g": 1.0,
        "b": 1.0,
        "a": 1.0
      },
      "enableDrag": true,
      "enableHover": true,
      "disableClick": false,
      "controlPointSerializableRectTransform": {
        "position": {
          "x": 1118.8544921875,
          "y": 921.1148071289063,
          "z": 0.0
        },
        "localPosition": {
          "x": -55.79999923706055,
          "y": -0.000008742277714191005,
          "z": 0.0
        },
        "anchorMin": {
          "x": 0.5,
          "y": 0.5
        },
        "anchorMax": {
          "x": 0.5,
          "y": 0.5
        },
        "sizeDelta": {
          "x": 0.0,
          "y": 0.0
        },
        "scale": {
          "x": 2.2121801376342775,
          "y": 2.2121801376342775,
          "z": 2.2121801376342775
        }
      },
      "nodeInstanceID": -8534,
      "nodeSID": "{sID}"
    }
  ]
}