{
  "serializableRectTransform": {
    "position": {
      "x": 0.0,
      "y": 0.0,
      "z": 0.0
    },
    "localPosition": {
      "x": 0.0,
      "y": 0.0,
      "z": 0.0
    },
    "anchorMin": {
      "x": 0.0,
      "y": 1.0
    },
    "anchorMax": {
      "x": 0.0,
      "y": 1.0
    },
    "sizeDelta": {
      "x": 250.0,
      "y": 113.0
    },
    "scale": {
      "x": 1.0,
      "y": 1.0,
      "z": 1.0
    }
  },
  "id": "Float",
  "sID": "{sID}",
  "enableSelfConnection": false,
  "enableDrag": true,
  "enableHover": true,
  "enableSelect": true,
  "disableClick": false,
  "modifier": "{value}",
  "defaultColor": {
    "r": 0.21960784494876862,
    "g": 0.21960784494876862,
    "b": 0.21960784494876862,
    "a": 1.0
  },
  "outlineSelectedColor": {
    "r": 1.0,
    "g": 0.5799999833106995,
    "b": 0.03999999910593033,
    "a": 1.0
  },
  "outlineHoverColor": {
    "r": 1.0,
    "g": 0.8100000023841858,
    "b": 0.30000001192092898,
    "a": 1.0
  },
  "serializablePorts": [
    {
      "serializableRectTransform": {
        "position": {
          "x": 1184.022216796875,
          "y": 1113.151123046875,
          "z": 0.0
        },
        "localPosition": {
          "x": 19.79998779296875,
          "y": -84.19999694824219,
          "z": 0.0
        },
        "anchorMin": {
          "x": 0.0,
          "y": 1.0
        },
        "anchorMax": {
          "x": 0.0,
          "y": 1.0
        },
        "sizeDelta": {
          "x": 40.0,
          "y": 40.0
        },
        "scale": {
          "x": 1.0,
          "y": 1.0,
          "z": 1.0
        }
      },
      "id": "Float1",
      "sID": "{out}",
      "polarity": 1,
      "maxConnections": 0,
      "iconColorDefault": {
        "r": 0.8666666746139526,
        "g": 0.8068594932556152,
        "b": 0.0,
        "a": 1.0
      },
      "iconColorHover": {
        "r": 0.8867924213409424,
        "g": 0.8518711924552918,
        "b": 0.37228548526763918,
        "a": 1.0
      },
      "iconColorSelected": {
        "r": 0.8666667342185974,
        "g": 0.8078432083129883,
        "b": 0.0,
        "a": 1.0
      },
      "iconColorConnected": {
        "r": 1.0,
        "g": 1.0,
        "b": 1.0,
        "a": 1.0
      },
      "enableDrag": true,
      "enableHover": true,
      "disableClick": false,
      "controlPointSerializableRectTransform": {
        "position": {
          "x": 1244.026611328125,
          "y": 1113.151123046875,
          "z": 0.0
        },
        "localPosition": {
          "x": 50.599998474121097,
          "y": -0.000008742277714191005,
          "z": 0.0
        },
        "anchorMin": {
          "x": 0.5,
          "y": 0.5
        },
        "anchorMax": {
          "x": 0.5,
          "y": 0.5
        },
        "sizeDelta": {
          "x": 0.0,
          "y": 0.0
        },
        "scale": {
          "x": 2.2121801376342775,
          "y": 2.2121801376342775,
          "z": 2.2121801376342775
        }
      },
      "nodeInstanceID": -21608,
      "nodeSID": "{sID}"
    }
  ]
}